region,misaligned_rate_disp,diag_rate_disp,misaligned_rate_disp_in_diffs,diag_rate_disp_in_diffs
Alaskan,0.077,0.0,0.0,0.16666666666666666
Central,0.0,0.3333333333333333,0.0,0.0
Eastern,0.0,0.0,0.0,0.058823529411764705
Great Lakes,0.0,0.014492753623188406,0.0,0.029850746268656716
New England,0.0,0.0,0.0,0.5
Northwest Mountain,0.0,0.08108108108108109,0.0,0.056338028169014086
Southern,0.016,0.14634146341463414,0.0,0.05660377358490566
Southwest,0.0,0.11392405063291139,0.0,0.10144927536231885
Western-Pacific,0.083,0.30952380952380953,0.0,0.0425531914893617
